page_url,file_name,file_url
https://mazhilis.parlam.kz/kk/activity,%D0%9F%D0%BB%D0%B0%D0%BD_3_%D1%81%D0%B5%D1%81%D1%81%D0%B8%D1%8F_8_%D1%81%D0%BE%D0%B7%D1%8B%D0%B2_%D0%BA%D0%B0%D0%B7.doc,https://mazhilis.parlam.kz/media/work_plan/documents/2024-09-12/%D0%9F%D0%BB%D0%B0%D0%BD_3_%D1%81%D0%B5%D1%81%D1%81%D0%B8%D1%8F_8_%D1%81%D0%BE%D0%B7%D1%8B%D0%B2_%D0%BA%D0%B0%D0%B7.doc
https://mazhilis.parlam.kz/kk/activity,23_LyHUFrY.doc,https://mazhilis.parlam.kz/media/work_plan/documents/2024-04-08/23_LyHUFrY.doc
https://mazhilis.parlam.kz/kk/activity,22_qdquaTY.doc,https://mazhilis.parlam.kz/media/work_plan/documents/2024-04-08/22_qdquaTY.doc
https://mazhilis.parlam.kz/kk/activity,20_6JmMlZZ.doc,https://mazhilis.parlam.kz/media/work_plan/documents/2024-04-08/20_6JmMlZZ.doc
https://mazhilis.parlam.kz/kk/activity,19_feNUlVl.doc,https://mazhilis.parlam.kz/media/work_plan/documents/2024-04-08/19_feNUlVl.doc
https://mazhilis.parlam.kz/kk/activity,18_qlijulP.doc,https://mazhilis.parlam.kz/media/work_plan/documents/2024-04-08/18_qlijulP.doc
https://mazhilis.parlam.kz/kk/activity,17_47iFic7.doc,https://mazhilis.parlam.kz/media/work_plan/documents/2024-04-08/17_47iFic7.doc
https://mazhilis.parlam.kz/kk/activity,16_psHaRG2.doc,https://mazhilis.parlam.kz/media/work_plan/documents/2024-04-08/16_psHaRG2.doc
https://mazhilis.parlam.kz/kk/activity,15_1Rm5JZJ.doc,https://mazhilis.parlam.kz/media/work_plan/documents/2024-04-08/15_1Rm5JZJ.doc
https://mazhilis.parlam.kz/kk/activity,14_kOwjAjJ.doc,https://mazhilis.parlam.kz/media/work_plan/documents/2024-04-08/14_kOwjAjJ.doc
https://mazhilis.parlam.kz/kk/activity,13_LNcVVF1.doc,https://mazhilis.parlam.kz/media/work_plan/documents/2024-04-08/13_LNcVVF1.doc
https://mazhilis.parlam.kz/kk/activity,12_jPP6cBu.doc,https://mazhilis.parlam.kz/media/work_plan/documents/2024-04-08/12_jPP6cBu.doc
https://mazhilis.parlam.kz/kk/activity,11_z1usFj9.doc,https://mazhilis.parlam.kz/media/work_plan/documents/2024-04-08/11_z1usFj9.doc
https://mazhilis.parlam.kz/kk/activity,10_i00OwWO.doc,https://mazhilis.parlam.kz/media/work_plan/documents/2024-04-08/10_i00OwWO.doc
https://mazhilis.parlam.kz/kk/activity,9_XubyGCS.doc,https://mazhilis.parlam.kz/media/work_plan/documents/2024-04-08/9_XubyGCS.doc
https://mazhilis.parlam.kz/kk/activity,8_hb2vNTx.doc,https://mazhilis.parlam.kz/media/work_plan/documents/2024-04-08/8_hb2vNTx.doc
https://mazhilis.parlam.kz/kk/activity,7_XRkOdnC.doc,https://mazhilis.parlam.kz/media/work_plan/documents/2024-04-08/7_XRkOdnC.doc
https://mazhilis.parlam.kz/kk/activity,6_7dY064L.doc,https://mazhilis.parlam.kz/media/work_plan/documents/2024-04-08/6_7dY064L.doc
https://mazhilis.parlam.kz/kk/activity,5_Y9Pd8kl.doc,https://mazhilis.parlam.kz/media/work_plan/documents/2024-04-08/5_Y9Pd8kl.doc
https://mazhilis.parlam.kz/kk/activity,4_nJuGQYp.doc,https://mazhilis.parlam.kz/media/work_plan/documents/2024-04-08/4_nJuGQYp.doc
https://mazhilis.parlam.kz/kk/activity,3_UpuiBy6.doc,https://mazhilis.parlam.kz/media/work_plan/documents/2024-04-08/3_UpuiBy6.doc
https://mazhilis.parlam.kz/kk/activity,2_rQ0o6Jm.doc,https://mazhilis.parlam.kz/media/work_plan/documents/2024-04-08/2_rQ0o6Jm.doc
https://mazhilis.parlam.kz/kk/activity,1.doc,https://mazhilis.parlam.kz/media/work_plan/documents/2024-04-08/1.doc
https://mazhilis.parlam.kz/kk/activity,%D0%9F%D0%9B%D0%90%D0%9D_28_%D0%B0%D0%BF%D1%80%D0%B5%D0%BB%D1%8F_-_2_%D0%BC%D0%B0%D1%8F_%D0%BA%D0%B0%D0%B7.doc,https://mazhilis.parlam.kz/media/work_plan/documents/2025-04-25/%D0%9F%D0%9B%D0%90%D0%9D_28_%D0%B0%D0%BF%D1%80%D0%B5%D0%BB%D1%8F_-_2_%D0%BC%D0%B0%D1%8F_%D0%BA%D0%B0%D0%B7.doc
https://mazhilis.parlam.kz/kk/activity,%D0%9F%D0%9B%D0%90%D0%9D_21-25_%D0%B0%D0%BF%D1%80%D0%B5%D0%BB%D1%8F_%D0%BA%D0%B0%D0%B7.doc,https://mazhilis.parlam.kz/media/work_plan/documents/2025-04-21/%D0%9F%D0%9B%D0%90%D0%9D_21-25_%D0%B0%D0%BF%D1%80%D0%B5%D0%BB%D1%8F_%D0%BA%D0%B0%D0%B7.doc
https://mazhilis.parlam.kz/kk/activity,%D0%9F%D0%9B%D0%90%D0%9D_14-18_%D0%B0%D0%BF%D1%80%D0%B5%D0%BB%D1%8F_%D0%BA%D0%B0%D0%B7__xZqIcLm.doc,https://mazhilis.parlam.kz/media/work_plan/documents/2025-04-14/%D0%9F%D0%9B%D0%90%D0%9D_14-18_%D0%B0%D0%BF%D1%80%D0%B5%D0%BB%D1%8F_%D0%BA%D0%B0%D0%B7__xZqIcLm.doc
https://mazhilis.parlam.kz/kk/activity,%D0%9F%D0%9B%D0%90%D0%9D_7-11_%D0%B0%D0%BF%D1%80%D0%B5%D0%BB%D1%8F_%D0%BA%D0%B0%D0%B7.doc,https://mazhilis.parlam.kz/media/work_plan/documents/2025-04-08/%D0%9F%D0%9B%D0%90%D0%9D_7-11_%D0%B0%D0%BF%D1%80%D0%B5%D0%BB%D1%8F_%D0%BA%D0%B0%D0%B7.doc
https://mazhilis.parlam.kz/kk/activity,%D0%9F%D0%9B%D0%90%D0%9D_31_%D0%BC%D0%B0%D1%80%D1%82%D0%B0_-_4_%D0%B0%D0%BF%D1%80%D0%B5%D0%BB%D1%8F_%D0%BA%D0%B0%D0%B7__%D0%BA%D0%BE%D0%BF%D0%B8%D1%8F.doc,https://mazhilis.parlam.kz/media/work_plan/documents/2025-04-03/%D0%9F%D0%9B%D0%90%D0%9D_31_%D0%BC%D0%B0%D1%80%D1%82%D0%B0_-_4_%D0%B0%D0%BF%D1%80%D0%B5%D0%BB%D1%8F_%D0%BA%D0%B0%D0%B7__%D0%BA%D0%BE%D0%BF%D0%B8%D1%8F.doc
https://mazhilis.parlam.kz/kk/activity,%D0%9F%D0%9B%D0%90%D0%9D_26-28_%D0%BC%D0%B0%D1%80%D1%82%D0%B0_%D0%BA%D0%B0%D0%B7.doc,https://mazhilis.parlam.kz/media/work_plan/documents/2025-03-26/%D0%9F%D0%9B%D0%90%D0%9D_26-28_%D0%BC%D0%B0%D1%80%D1%82%D0%B0_%D0%BA%D0%B0%D0%B7.doc
https://mazhilis.parlam.kz/kk/activity,%D0%9F%D0%9B%D0%90%D0%9D_17-20_%D0%BC%D0%B0%D1%80%D1%82%D0%B0_%D0%BA%D0%B0%D0%B7.doc,https://mazhilis.parlam.kz/media/work_plan/documents/2025-03-18/%D0%9F%D0%9B%D0%90%D0%9D_17-20_%D0%BC%D0%B0%D1%80%D1%82%D0%B0_%D0%BA%D0%B0%D0%B7.doc
https://mazhilis.parlam.kz/kk/activity,%D0%9F%D0%9B%D0%90%D0%9D_10-14_%D0%BC%D0%B0%D1%80%D1%82%D0%B0_%D0%BA%D0%B0%D0%B7.doc,https://mazhilis.parlam.kz/media/work_plan/documents/2025-03-12/%D0%9F%D0%9B%D0%90%D0%9D_10-14_%D0%BC%D0%B0%D1%80%D1%82%D0%B0_%D0%BA%D0%B0%D0%B7.doc
https://mazhilis.parlam.kz/kk/activity,%D0%9F%D0%9B%D0%90%D0%9D_3-7_%D0%BC%D0%B0%D1%80%D1%82%D0%B0_%D0%BA%D0%B0%D0%B7.doc,https://mazhilis.parlam.kz/media/work_plan/documents/2025-03-03/%D0%9F%D0%9B%D0%90%D0%9D_3-7_%D0%BC%D0%B0%D1%80%D1%82%D0%B0_%D0%BA%D0%B0%D0%B7.doc
https://mazhilis.parlam.kz/kk/activity,%D0%9F%D0%9B%D0%90%D0%9D_24-28_%D1%84%D0%B5%D0%B2%D1%80%D0%B0%D0%BB%D1%8F_%D0%BA%D0%B0%D0%B7.doc,https://mazhilis.parlam.kz/media/work_plan/documents/2025-02-26/%D0%9F%D0%9B%D0%90%D0%9D_24-28_%D1%84%D0%B5%D0%B2%D1%80%D0%B0%D0%BB%D1%8F_%D0%BA%D0%B0%D0%B7.doc
https://mazhilis.parlam.kz/kk/activity,%D0%9F%D0%9B%D0%90%D0%9D_17-21_%D1%84%D0%B5%D0%B2%D1%80%D0%B0%D0%BB%D1%8F_%D0%BA%D0%B0%D0%B7.doc,https://mazhilis.parlam.kz/media/work_plan/documents/2025-02-19/%D0%9F%D0%9B%D0%90%D0%9D_17-21_%D1%84%D0%B5%D0%B2%D1%80%D0%B0%D0%BB%D1%8F_%D0%BA%D0%B0%D0%B7.doc
https://mazhilis.parlam.kz/kk/activity,%D0%9F%D0%9B%D0%90%D0%9D_10-14_%D1%84%D0%B5%D0%B2%D1%80%D0%B0%D0%BB%D1%8F_%D0%BA%D0%B0%D0%B7_cQ8lO6K.doc,https://mazhilis.parlam.kz/media/work_plan/documents/2025-02-11/%D0%9F%D0%9B%D0%90%D0%9D_10-14_%D1%84%D0%B5%D0%B2%D1%80%D0%B0%D0%BB%D1%8F_%D0%BA%D0%B0%D0%B7_cQ8lO6K.doc
https://mazhilis.parlam.kz/kk/activity,%D0%9F%D0%9B%D0%90%D0%9D_3-7_%D1%84%D0%B5%D0%B2%D1%80%D0%B0%D0%BB%D1%8F_%D0%BA%D0%B0%D0%B7.doc,https://mazhilis.parlam.kz/media/work_plan/documents/2025-02-06/%D0%9F%D0%9B%D0%90%D0%9D_3-7_%D1%84%D0%B5%D0%B2%D1%80%D0%B0%D0%BB%D1%8F_%D0%BA%D0%B0%D0%B7.doc
https://mazhilis.parlam.kz/kk/activity,_%D0%BF%D0%BB%D0%B0%D0%BD_27-31_%D1%8F%D0%BD%D0%B2%D0%B0%D1%80%D1%8F_%D0%BA%D0%B0%D0%B7.doc,https://mazhilis.parlam.kz/media/work_plan/documents/2025-01-29/_%D0%BF%D0%BB%D0%B0%D0%BD_27-31_%D1%8F%D0%BD%D0%B2%D0%B0%D1%80%D1%8F_%D0%BA%D0%B0%D0%B7.doc
https://mazhilis.parlam.kz/kk/activity,_%D0%BF%D0%BB%D0%B0%D0%BD_20-24_%D1%8F%D0%BD%D0%B2%D0%B0%D1%80%D1%8F_%D0%BA%D0%B0%D0%B7.doc,https://mazhilis.parlam.kz/media/work_plan/documents/2025-01-17/_%D0%BF%D0%BB%D0%B0%D0%BD_20-24_%D1%8F%D0%BD%D0%B2%D0%B0%D1%80%D1%8F_%D0%BA%D0%B0%D0%B7.doc
https://mazhilis.parlam.kz/kk/activity,_%D0%BF%D0%BB%D0%B0%D0%BD_13-17_%D1%8F%D0%BD%D0%B2%D0%B0%D1%80%D1%8F_%D0%BA%D0%B0%D0%B7.doc,https://mazhilis.parlam.kz/media/work_plan/documents/2025-01-13/_%D0%BF%D0%BB%D0%B0%D0%BD_13-17_%D1%8F%D0%BD%D0%B2%D0%B0%D1%80%D1%8F_%D0%BA%D0%B0%D0%B7.doc
https://mazhilis.parlam.kz/kk/activity,_%D0%BF%D0%BB%D0%B0%D0%BD_23-27_%D0%B4%D0%B5%D0%BA%D0%B0%D0%B1%D1%80%D1%8F_%D0%BA%D0%B0%D0%B7.doc,https://mazhilis.parlam.kz/media/work_plan/documents/2024-12-20/_%D0%BF%D0%BB%D0%B0%D0%BD_23-27_%D0%B4%D0%B5%D0%BA%D0%B0%D0%B1%D1%80%D1%8F_%D0%BA%D0%B0%D0%B7.doc
https://mazhilis.parlam.kz/kk/activity,_%D0%BF%D0%BB%D0%B0%D0%BD_17-20_%D0%B4%D0%B5%D0%BA%D0%B0%D0%B1%D1%80%D1%8F_%D0%BA%D0%B0%D0%B7_eEGvPqP.doc,https://mazhilis.parlam.kz/media/work_plan/documents/2024-12-17/_%D0%BF%D0%BB%D0%B0%D0%BD_17-20_%D0%B4%D0%B5%D0%BA%D0%B0%D0%B1%D1%80%D1%8F_%D0%BA%D0%B0%D0%B7_eEGvPqP.doc
https://mazhilis.parlam.kz/kk/activity,_%D0%BF%D0%BB%D0%B0%D0%BD_9-13_%D0%B4%D0%B5%D0%BA%D0%B0%D0%B1%D1%80%D1%8F_%D0%BA%D0%B0%D0%B7_ejjcwFR.doc,https://mazhilis.parlam.kz/media/work_plan/documents/2024-12-10/_%D0%BF%D0%BB%D0%B0%D0%BD_9-13_%D0%B4%D0%B5%D0%BA%D0%B0%D0%B1%D1%80%D1%8F_%D0%BA%D0%B0%D0%B7_ejjcwFR.doc
https://mazhilis.parlam.kz/kk/activity,_%D0%BF%D0%BB%D0%B0%D0%BD_2-6_%D0%B4%D0%B5%D0%BA%D0%B0%D0%B1%D1%80%D1%8F_%D0%BA%D0%B0%D0%B7.doc,https://mazhilis.parlam.kz/media/work_plan/documents/2024-12-03/_%D0%BF%D0%BB%D0%B0%D0%BD_2-6_%D0%B4%D0%B5%D0%BA%D0%B0%D0%B1%D1%80%D1%8F_%D0%BA%D0%B0%D0%B7.doc
https://mazhilis.parlam.kz/kk/activity,_%D0%BF%D0%BB%D0%B0%D0%BD_25-29_%D0%BD%D0%BE%D1%8F%D0%B1%D1%80%D1%8F_%D0%BA%D0%B0%D0%B7.doc,https://mazhilis.parlam.kz/media/work_plan/documents/2024-11-27/_%D0%BF%D0%BB%D0%B0%D0%BD_25-29_%D0%BD%D0%BE%D1%8F%D0%B1%D1%80%D1%8F_%D0%BA%D0%B0%D0%B7.doc
https://mazhilis.parlam.kz/kk/activity,_%D0%BF%D0%BB%D0%B0%D0%BD_18-22_%D0%BD%D0%BE%D1%8F%D0%B1%D1%80%D1%8F_%D0%BA%D0%B0%D0%B7.doc,https://mazhilis.parlam.kz/media/work_plan/documents/2024-11-19/_%D0%BF%D0%BB%D0%B0%D0%BD_18-22_%D0%BD%D0%BE%D1%8F%D0%B1%D1%80%D1%8F_%D0%BA%D0%B0%D0%B7.doc
https://mazhilis.parlam.kz/kk/activity,_%D0%BF%D0%BB%D0%B0%D0%BD_11-15_%D0%BD%D0%BE%D1%8F%D0%B1%D1%80%D1%8F_%D0%BA%D0%B0%D0%B7.doc,https://mazhilis.parlam.kz/media/work_plan/documents/2024-11-13/_%D0%BF%D0%BB%D0%B0%D0%BD_11-15_%D0%BD%D0%BE%D1%8F%D0%B1%D1%80%D1%8F_%D0%BA%D0%B0%D0%B7.doc
https://mazhilis.parlam.kz/kk/activity,_%D0%BF%D0%BB%D0%B0%D0%BD_4-8_%D0%BD%D0%BE%D1%8F%D0%B1%D1%80%D1%8F_%D0%BA%D0%B0%D0%B7.doc,https://mazhilis.parlam.kz/media/work_plan/documents/2024-11-06/_%D0%BF%D0%BB%D0%B0%D0%BD_4-8_%D0%BD%D0%BE%D1%8F%D0%B1%D1%80%D1%8F_%D0%BA%D0%B0%D0%B7.doc
https://mazhilis.parlam.kz/kk/activity,_%D0%BF%D0%BB%D0%B0%D0%BD_28_%D0%BE%D0%BA%D1%82%D1%8F%D0%B1%D1%80%D1%8F_-_1_%D0%BD%D0%BE%D1%8F%D0%B1%D1%80%D1%8F_%D0%BA%D0%B0%D0%B7.doc,https://mazhilis.parlam.kz/media/work_plan/documents/2024-10-30/_%D0%BF%D0%BB%D0%B0%D0%BD_28_%D0%BE%D0%BA%D1%82%D1%8F%D0%B1%D1%80%D1%8F_-_1_%D0%BD%D0%BE%D1%8F%D0%B1%D1%80%D1%8F_%D0%BA%D0%B0%D0%B7.doc
https://mazhilis.parlam.kz/kk/activity,_%D0%BF%D0%BB%D0%B0%D0%BD_21-25_%D0%BE%D0%BA%D1%82%D1%8F%D0%B1%D1%80%D1%8F_%D0%BA%D0%B0%D0%B7.doc,https://mazhilis.parlam.kz/media/work_plan/documents/2024-10-23/_%D0%BF%D0%BB%D0%B0%D0%BD_21-25_%D0%BE%D0%BA%D1%82%D1%8F%D0%B1%D1%80%D1%8F_%D0%BA%D0%B0%D0%B7.doc
https://mazhilis.parlam.kz/kk/activity,_%D0%BF%D0%BB%D0%B0%D0%BD_14-18_%D0%BE%D0%BA%D1%82%D1%8F%D0%B1%D1%80%D1%8F_%D0%BA%D0%B0%D0%B7_y41WAzI.doc,https://mazhilis.parlam.kz/media/work_plan/documents/2024-10-16/_%D0%BF%D0%BB%D0%B0%D0%BD_14-18_%D0%BE%D0%BA%D1%82%D1%8F%D0%B1%D1%80%D1%8F_%D0%BA%D0%B0%D0%B7_y41WAzI.doc
https://mazhilis.parlam.kz/kk/activity,_%D0%BF%D0%BB%D0%B0%D0%BD_7-11_%D0%BE%D0%BA%D1%82%D1%8F%D0%B1%D1%80%D1%8F_%D0%BA%D0%B0%D0%B7.doc,https://mazhilis.parlam.kz/media/work_plan/documents/2024-10-09/_%D0%BF%D0%BB%D0%B0%D0%BD_7-11_%D0%BE%D0%BA%D1%82%D1%8F%D0%B1%D1%80%D1%8F_%D0%BA%D0%B0%D0%B7.doc
https://mazhilis.parlam.kz/kk/activity,_%D0%BF%D0%BB%D0%B0%D0%BD_30_%D1%81%D0%B5%D0%BD%D1%82%D1%8F%D0%B1%D1%80%D1%8F_-_4_%D0%BE%D0%BA%D1%82%D1%8F%D0%B1%D1%80%D1%8F_%D0%BA%D0%B0%D0%B7_yOpcAvA.doc,https://mazhilis.parlam.kz/media/work_plan/documents/2024-09-30/_%D0%BF%D0%BB%D0%B0%D0%BD_30_%D1%81%D0%B5%D0%BD%D1%82%D1%8F%D0%B1%D1%80%D1%8F_-_4_%D0%BE%D0%BA%D1%82%D1%8F%D0%B1%D1%80%D1%8F_%D0%BA%D0%B0%D0%B7_yOpcAvA.doc
https://mazhilis.parlam.kz/kk/activity,_%D0%BF%D0%BB%D0%B0%D0%BD_16-20_%D1%81%D0%B5%D0%BD%D1%82%D1%8F%D0%B1%D1%80%D1%8F_%D0%BA%D0%B0%D0%B7.doc,https://mazhilis.parlam.kz/media/work_plan/documents/2024-09-13/_%D0%BF%D0%BB%D0%B0%D0%BD_16-20_%D1%81%D0%B5%D0%BD%D1%82%D1%8F%D0%B1%D1%80%D1%8F_%D0%BA%D0%B0%D0%B7.doc
https://mazhilis.parlam.kz/kk/activity,_%D0%BF%D0%BB%D0%B0%D0%BD_9-13_%D1%81%D0%B5%D0%BD%D1%82%D1%8F%D0%B1%D1%80%D1%8F_%D0%BA%D0%B0%D0%B7_2s8N3MS.doc,https://mazhilis.parlam.kz/media/work_plan/documents/2024-09-06/_%D0%BF%D0%BB%D0%B0%D0%BD_9-13_%D1%81%D0%B5%D0%BD%D1%82%D1%8F%D0%B1%D1%80%D1%8F_%D0%BA%D0%B0%D0%B7_2s8N3MS.doc
https://mazhilis.parlam.kz/kk/activity,_%D0%BF%D0%BB%D0%B0%D0%BD_2-6_%D1%81%D0%B5%D0%BD%D1%82%D1%8F%D0%B1%D1%80%D1%8F_%D0%BA%D0%B0%D0%B7.doc,https://mazhilis.parlam.kz/media/work_plan/documents/2024-09-03/_%D0%BF%D0%BB%D0%B0%D0%BD_2-6_%D1%81%D0%B5%D0%BD%D1%82%D1%8F%D0%B1%D1%80%D1%8F_%D0%BA%D0%B0%D0%B7.doc
https://mazhilis.parlam.kz/kk/activity,24-28_%D0%BC%D0%B0%D1%83%D1%81%D1%8B%D0%BC.doc,https://mazhilis.parlam.kz/media/work_plan/documents/2024-06-21/24-28_%D0%BC%D0%B0%D1%83%D1%81%D1%8B%D0%BC.doc
https://mazhilis.parlam.kz/kk/activity,10-14_%D0%BC%D0%B0%D1%83%D1%81%D1%8B%D0%BC.doc,https://mazhilis.parlam.kz/media/work_plan/documents/2024-06-07/10-14_%D0%BC%D0%B0%D1%83%D1%81%D1%8B%D0%BC.doc
https://mazhilis.parlam.kz/kk/activity,3-7_%D0%BC%D0%B0%D1%83%D1%81%D1%8B%D0%BC.doc,https://mazhilis.parlam.kz/media/work_plan/documents/2024-05-31/3-7_%D0%BC%D0%B0%D1%83%D1%81%D1%8B%D0%BC.doc
https://mazhilis.parlam.kz/kk/activity,20-24_%D0%BC%D0%B0%D0%BC%D1%8B%D1%80_%D0%BA%D0%B0%D0%B7.doc,https://mazhilis.parlam.kz/media/work_plan/documents/2024-05-21/20-24_%D0%BC%D0%B0%D0%BC%D1%8B%D1%80_%D0%BA%D0%B0%D0%B7.doc
https://mazhilis.parlam.kz/kk/activity,13-17_%D0%BC%D0%B0%D1%8F_%D0%BA%D0%B0%D0%B7.doc,https://mazhilis.parlam.kz/media/work_plan/documents/2024-05-11/13-17_%D0%BC%D0%B0%D1%8F_%D0%BA%D0%B0%D0%B7.doc
https://mazhilis.parlam.kz/kk/activity,6-10_%D0%BC%D0%B0%D1%8F_%D1%80%D1%83%D1%81.doc,https://mazhilis.parlam.kz/media/work_plan/documents/2024-05-04/6-10_%D0%BC%D0%B0%D1%8F_%D1%80%D1%83%D1%81.doc
https://mazhilis.parlam.kz/kk/activity,29_%D0%B0%D0%BF%D1%80%D0%B5%D0%BB%D1%8F__3_%D0%BC%D0%B0%D1%8F_%D0%BA%D0%B0%D0%B7___DqCxxWQ.doc,https://mazhilis.parlam.kz/media/work_plan/documents/2024-04-29/29_%D0%B0%D0%BF%D1%80%D0%B5%D0%BB%D1%8F__3_%D0%BC%D0%B0%D1%8F_%D0%BA%D0%B0%D0%B7___DqCxxWQ.doc
https://mazhilis.parlam.kz/kk/activity,22-26_%D0%B0%D0%BF%D1%80%D0%B5%D0%BB%D1%8F__%D0%BA%D0%B0%D0%B7.doc,https://mazhilis.parlam.kz/media/work_plan/documents/2024-04-19/22-26_%D0%B0%D0%BF%D1%80%D0%B5%D0%BB%D1%8F__%D0%BA%D0%B0%D0%B7.doc
https://mazhilis.parlam.kz/kk/activity,15-19_%D0%B0%D0%BF%D1%80%D0%B5%D0%BB%D1%8F_%D0%BA%D0%B0%D0%B7.doc,https://mazhilis.parlam.kz/media/work_plan/documents/2024-04-19/15-19_%D0%B0%D0%BF%D1%80%D0%B5%D0%BB%D1%8F_%D0%BA%D0%B0%D0%B7.doc
https://mazhilis.parlam.kz/kk/activity,43_SWGc9yD.doc,https://mazhilis.parlam.kz/media/work_plan/documents/2024-04-09/43_SWGc9yD.doc
https://mazhilis.parlam.kz/kk/activity,42_M7VxNhR.doc,https://mazhilis.parlam.kz/media/work_plan/documents/2024-04-09/42_M7VxNhR.doc
https://mazhilis.parlam.kz/kk/activity,41_I7R1AhV.doc,https://mazhilis.parlam.kz/media/work_plan/documents/2024-04-09/41_I7R1AhV.doc
https://mazhilis.parlam.kz/kk/activity,40_0TomTmW.doc,https://mazhilis.parlam.kz/media/work_plan/documents/2024-04-09/40_0TomTmW.doc
https://mazhilis.parlam.kz/kk/activity,39_yzTnNyI.doc,https://mazhilis.parlam.kz/media/work_plan/documents/2024-04-09/39_yzTnNyI.doc
https://mazhilis.parlam.kz/kk/activity,38_viZ7LJI.doc,https://mazhilis.parlam.kz/media/work_plan/documents/2024-04-09/38_viZ7LJI.doc
https://mazhilis.parlam.kz/kk/activity,37_4dkR8zz.doc,https://mazhilis.parlam.kz/media/work_plan/documents/2024-04-09/37_4dkR8zz.doc
https://mazhilis.parlam.kz/kk/activity,36_Zs6UAPT.doc,https://mazhilis.parlam.kz/media/work_plan/documents/2024-04-09/36_Zs6UAPT.doc
https://mazhilis.parlam.kz/kk/activity,35_BVpTuPq.doc,https://mazhilis.parlam.kz/media/work_plan/documents/2024-04-09/35_BVpTuPq.doc
https://mazhilis.parlam.kz/kk/activity,34_w15sTxd.doc,https://mazhilis.parlam.kz/media/work_plan/documents/2024-04-09/34_w15sTxd.doc
https://mazhilis.parlam.kz/kk/activity,33_RUkDhTH.doc,https://mazhilis.parlam.kz/media/work_plan/documents/2024-04-09/33_RUkDhTH.doc
https://mazhilis.parlam.kz/kk/activity,32_U4cnvK1.doc,https://mazhilis.parlam.kz/media/work_plan/documents/2024-04-09/32_U4cnvK1.doc
https://mazhilis.parlam.kz/kk/activity,31_ymcW9jy.doc,https://mazhilis.parlam.kz/media/work_plan/documents/2024-04-09/31_ymcW9jy.doc
https://mazhilis.parlam.kz/kk/activity,30_6VD42rU.doc,https://mazhilis.parlam.kz/media/work_plan/documents/2024-04-08/30_6VD42rU.doc
https://mazhilis.parlam.kz/kk/activity,29_c2J0se4.doc,https://mazhilis.parlam.kz/media/work_plan/documents/2024-04-08/29_c2J0se4.doc
https://mazhilis.parlam.kz/kk/activity,28_EqcFnDi.doc,https://mazhilis.parlam.kz/media/work_plan/documents/2024-04-08/28_EqcFnDi.doc
https://mazhilis.parlam.kz/kk/activity,27_Be8uiJ3.doc,https://mazhilis.parlam.kz/media/work_plan/documents/2024-04-08/27_Be8uiJ3.doc
https://mazhilis.parlam.kz/kk/activity,26_yoqimjS.doc,https://mazhilis.parlam.kz/media/work_plan/documents/2024-04-08/26_yoqimjS.doc
https://mazhilis.parlam.kz/kk/activity,25_RyPZmfY.doc,https://mazhilis.parlam.kz/media/work_plan/documents/2024-04-08/25_RyPZmfY.doc
https://mazhilis.parlam.kz/kk/activity,24_OEzEjB7.doc,https://mazhilis.parlam.kz/media/work_plan/documents/2024-04-08/24_OEzEjB7.doc
https://mazhilis.parlam.kz/kk/activity,23_Vy5TljP.doc,https://mazhilis.parlam.kz/media/work_plan/documents/2024-04-08/23_Vy5TljP.doc
https://mazhilis.parlam.kz/kk/activity,22_m3lYbSW.doc,https://mazhilis.parlam.kz/media/work_plan/documents/2024-04-08/22_m3lYbSW.doc
https://mazhilis.parlam.kz/kk/activity,21_TH180Sz.doc,https://mazhilis.parlam.kz/media/work_plan/documents/2024-04-08/21_TH180Sz.doc
https://mazhilis.parlam.kz/kk/activity,20_AEvBCKV.doc,https://mazhilis.parlam.kz/media/work_plan/documents/2024-04-08/20_AEvBCKV.doc
https://mazhilis.parlam.kz/kk/activity,19_mAt4H5u.doc,https://mazhilis.parlam.kz/media/work_plan/documents/2024-04-08/19_mAt4H5u.doc
https://mazhilis.parlam.kz/kk/activity,18_JlMb73t.doc,https://mazhilis.parlam.kz/media/work_plan/documents/2024-04-08/18_JlMb73t.doc
https://mazhilis.parlam.kz/kk/activity,17_p0ss7mn.doc,https://mazhilis.parlam.kz/media/work_plan/documents/2024-04-08/17_p0ss7mn.doc
https://mazhilis.parlam.kz/kk/activity,16_dzd3wv1.doc,https://mazhilis.parlam.kz/media/work_plan/documents/2024-04-08/16_dzd3wv1.doc
https://mazhilis.parlam.kz/kk/activity,15_wFhnmnf.doc,https://mazhilis.parlam.kz/media/work_plan/documents/2024-04-08/15_wFhnmnf.doc
https://mazhilis.parlam.kz/kk/activity,14_ulaHtSo.doc,https://mazhilis.parlam.kz/media/work_plan/documents/2024-04-08/14_ulaHtSo.doc
https://mazhilis.parlam.kz/kk/activity,13_EXqRWLO.doc,https://mazhilis.parlam.kz/media/work_plan/documents/2024-04-08/13_EXqRWLO.doc
https://mazhilis.parlam.kz/kk/activity,12_QHJ9EMF.doc,https://mazhilis.parlam.kz/media/work_plan/documents/2024-04-08/12_QHJ9EMF.doc
https://mazhilis.parlam.kz/kk/activity,11_vYm1Xdr.doc,https://mazhilis.parlam.kz/media/work_plan/documents/2024-04-08/11_vYm1Xdr.doc
https://mazhilis.parlam.kz/kk/activity,10_n6dA9yf.doc,https://mazhilis.parlam.kz/media/work_plan/documents/2024-04-08/10_n6dA9yf.doc
https://mazhilis.parlam.kz/kk/activity,9_IppLfKz.doc,https://mazhilis.parlam.kz/media/work_plan/documents/2024-04-08/9_IppLfKz.doc
https://mazhilis.parlam.kz/kk/activity,8_dADzr9s.doc,https://mazhilis.parlam.kz/media/work_plan/documents/2024-04-08/8_dADzr9s.doc
https://mazhilis.parlam.kz/kk/activity,7_hHGYy6v.doc,https://mazhilis.parlam.kz/media/work_plan/documents/2024-04-08/7_hHGYy6v.doc
https://mazhilis.parlam.kz/kk/activity,6_6TOxp1v.doc,https://mazhilis.parlam.kz/media/work_plan/documents/2024-04-08/6_6TOxp1v.doc
https://mazhilis.parlam.kz/kk/activity,5_0BwEHq2.doc,https://mazhilis.parlam.kz/media/work_plan/documents/2024-04-08/5_0BwEHq2.doc
https://mazhilis.parlam.kz/kk/activity,4_rwE9vXJ.doc,https://mazhilis.parlam.kz/media/work_plan/documents/2024-04-08/4_rwE9vXJ.doc
https://mazhilis.parlam.kz/kk/activity,3_d95k1VY.doc,https://mazhilis.parlam.kz/media/work_plan/documents/2024-04-08/3_d95k1VY.doc
https://mazhilis.parlam.kz/kk/activity,2_fuw1VMU.doc,https://mazhilis.parlam.kz/media/work_plan/documents/2024-04-08/2_fuw1VMU.doc
https://mazhilis.parlam.kz/kk/activity,1_SGX4RlA.doc,https://mazhilis.parlam.kz/media/work_plan/documents/2024-04-08/1_SGX4RlA.doc
https://mazhilis.parlam.kz/kk/activity,1_OaKW2Oa.doc,https://mazhilis.parlam.kz/media/work_plan/documents/2024-01-17/1_OaKW2Oa.doc
https://mazhilis.parlam.kz/kk/activity,2_sS1mz05.doc,https://mazhilis.parlam.kz/media/work_plan/documents/2024-01-17/2_sS1mz05.doc
https://mazhilis.parlam.kz/kk/activity,5_pTnmSzZ.doc,https://mazhilis.parlam.kz/media/work_plan/documents/2024-01-17/5_pTnmSzZ.doc
https://mazhilis.parlam.kz/kk/activity,6_oEqzGGP.doc,https://mazhilis.parlam.kz/media/work_plan/documents/2024-01-17/6_oEqzGGP.doc
https://mazhilis.parlam.kz/kk/activity,8_E5wOm9O.doc,https://mazhilis.parlam.kz/media/work_plan/documents/2024-01-17/8_E5wOm9O.doc
https://mazhilis.parlam.kz/kk/activity,8_80CqdPK.doc,https://mazhilis.parlam.kz/media/work_plan/documents/2024-01-17/8_80CqdPK.doc
https://mazhilis.parlam.kz/kk/activity,10_5GDVEHz.doc,https://mazhilis.parlam.kz/media/work_plan/documents/2024-01-17/10_5GDVEHz.doc
https://mazhilis.parlam.kz/kk/activity,9_gGo0uLN.doc,https://mazhilis.parlam.kz/media/work_plan/documents/2024-01-17/9_gGo0uLN.doc
https://mazhilis.parlam.kz/kk/activity,11_i5h7KHP.doc,https://mazhilis.parlam.kz/media/work_plan/documents/2024-01-17/11_i5h7KHP.doc
https://mazhilis.parlam.kz/kk/activity,11_fakRdHg.doc,https://mazhilis.parlam.kz/media/work_plan/documents/2024-01-17/11_fakRdHg.doc
https://mazhilis.parlam.kz/kk/activity,12_enuwEqG.doc,https://mazhilis.parlam.kz/media/work_plan/documents/2024-01-17/12_enuwEqG.doc
https://mazhilis.parlam.kz/kk/activity,12_gSKqHwH.doc,https://mazhilis.parlam.kz/media/work_plan/documents/2024-01-17/12_gSKqHwH.doc
https://mazhilis.parlam.kz/kk/activity,13_wumJnmF.doc,https://mazhilis.parlam.kz/media/work_plan/documents/2024-01-17/13_wumJnmF.doc
https://mazhilis.parlam.kz/kk/activity,14_e7Jy1uE.doc,https://mazhilis.parlam.kz/media/work_plan/documents/2024-01-17/14_e7Jy1uE.doc
https://mazhilis.parlam.kz/kk/activity,15_CToTaae.doc,https://mazhilis.parlam.kz/media/work_plan/documents/2024-01-17/15_CToTaae.doc
https://mazhilis.parlam.kz/kk/activity,16_NMoRMME.doc,https://mazhilis.parlam.kz/media/work_plan/documents/2024-01-17/16_NMoRMME.doc
https://mazhilis.parlam.kz/kk/activity,17_PcLyMLp.doc,https://mazhilis.parlam.kz/media/work_plan/documents/2024-01-17/17_PcLyMLp.doc
https://mazhilis.parlam.kz/kk/activity,18_ZpJ92dX.doc,https://mazhilis.parlam.kz/media/work_plan/documents/2024-01-17/18_ZpJ92dX.doc
https://mazhilis.parlam.kz/kk/activity,19_clX7agm.doc,https://mazhilis.parlam.kz/media/work_plan/documents/2024-01-17/19_clX7agm.doc
https://mazhilis.parlam.kz/kk/activity,20_gSAtuqz.doc,https://mazhilis.parlam.kz/media/work_plan/documents/2024-01-17/20_gSAtuqz.doc
https://mazhilis.parlam.kz/kk/activity/government-hour,01._%D0%A2%D0%B5%D0%B7%D0%B8%D1%81%D1%8B_%D0%9A%D0%90%D0%97.docx,https://mazhilis.parlam.kz/media/activity_post/documents/1137/2025-01-29/01._%D0%A2%D0%B5%D0%B7%D0%B8%D1%81%D1%8B_%D0%9A%D0%90%D0%97.docx
https://mazhilis.parlam.kz/kk/activity/government-hour,%D0%A1%D0%BE%D0%B4%D0%BE%D0%BA%D0%BB%D0%B0%D0%B4-_%D0%BA%D0%B0%D0%B7..docx,https://mazhilis.parlam.kz/media/activity_post/documents/1137/2025-01-29/%D0%A1%D0%BE%D0%B4%D0%BE%D0%BA%D0%BB%D0%B0%D0%B4-_%D0%BA%D0%B0%D0%B7..docx
https://mazhilis.parlam.kz/kk/activity/government-hour,%D0%BF%D1%80%D0%BE%D0%B5%D0%BA%D1%82_%D0%A0%D0%B5%D0%BA%D0%BE%D0%BC%D0%B5%D0%BD%D0%B4%D0%B0%D1%86%D0%B8%D0%B8_%D0%BA%D0%B0%D0%B7.docx,https://mazhilis.parlam.kz/media/activity_post/documents/1137/2025-01-29/%D0%BF%D1%80%D0%BE%D0%B5%D0%BA%D1%82_%D0%A0%D0%B5%D0%BA%D0%BE%D0%BC%D0%B5%D0%BD%D0%B4%D0%B0%D1%86%D0%B8%D0%B8_%D0%BA%D0%B0%D0%B7.docx
https://mazhilis.parlam.kz/kk/activity/government-hour,%D0%A0%D0%B5%D0%BA%D0%BE%D0%BC%D0%B5%D0%BD%D0%B4%D0%B0%D1%86%D0%B8%D0%B8_%D0%BA%D0%B0%D0%B7.docx,https://mazhilis.parlam.kz/media/activity_post/documents/1072/2024-08-08/%D0%A0%D0%B5%D0%BA%D0%BE%D0%BC%D0%B5%D0%BD%D0%B4%D0%B0%D1%86%D0%B8%D0%B8_%D0%BA%D0%B0%D0%B7.docx
https://mazhilis.parlam.kz/kk/activity/government-hour,%D0%A1%D0%9F%D0%98%D0%A1%D0%9E%D0%9A_%D0%BA%D0%B0%D0%B7.doc,https://mazhilis.parlam.kz/media/activity_post/documents/1072/2024-08-08/%D0%A1%D0%9F%D0%98%D0%A1%D0%9E%D0%9A_%D0%BA%D0%B0%D0%B7.doc
https://mazhilis.parlam.kz/kk/activity/government-hour,%D0%A1%D0%BF%D1%80%D0%B0%D0%B2._%D0%BC%D0%B0%D1%82%D0%B5%D1%80%D0%B8%D0%B0%D0%BB_%D0%BA%D0%B0%D0%B7.docx,https://mazhilis.parlam.kz/media/activity_post/documents/1072/2024-08-08/%D0%A1%D0%BF%D1%80%D0%B0%D0%B2._%D0%BC%D0%B0%D1%82%D0%B5%D1%80%D0%B8%D0%B0%D0%BB_%D0%BA%D0%B0%D0%B7.docx
https://mazhilis.parlam.kz/kk/activity/government-hour,%D0%A1%D1%83%D0%B1%D1%81%D0%B8%D0%B4%D0%B8%D0%B8_%D0%B6%D0%B8%D0%B2%D0%BE%D1%82_%D2%9B%D0%B0%D0%B7.pdf,https://mazhilis.parlam.kz/media/activity_post/documents/1072/2024-08-08/%D0%A1%D1%83%D0%B1%D1%81%D0%B8%D0%B4%D0%B8%D0%B8_%D0%B6%D0%B8%D0%B2%D0%BE%D1%82_%D2%9B%D0%B0%D0%B7.pdf
https://mazhilis.parlam.kz/kk/activity/government-hour,1._%D0%94%D0%BE%D0%BA%D0%BB%D0%B0%D0%B4_%D0%9C%D0%A1%D0%A5.docx,https://mazhilis.parlam.kz/media/activity_post/documents/1072/2024-08-08/1._%D0%94%D0%BE%D0%BA%D0%BB%D0%B0%D0%B4_%D0%9C%D0%A1%D0%A5.docx
https://mazhilis.parlam.kz/kk/activity/government-hour,2._%D0%A1%D0%BE%D0%B4%D0%BE%D0%BA%D0%BB%D0%B0%D0%B4_%D0%BA%D0%B0%D0%B7_%D0%98%D0%A2%D0%9E%D0%93.docx,https://mazhilis.parlam.kz/media/activity_post/documents/1132/2025-01-16/2._%D0%A1%D0%BE%D0%B4%D0%BE%D0%BA%D0%BB%D0%B0%D0%B4_%D0%BA%D0%B0%D0%B7_%D0%98%D0%A2%D0%9E%D0%93.docx
https://mazhilis.parlam.kz/kk/activity/government-hour,4._%D0%A0%D0%B5%D0%BA%D0%BE%D0%BC%D0%B5%D0%BD%D0%B4%D0%B0%D1%86%D0%B8%D0%B8_%D0%BF%D1%80%D0%BE%D0%BC%D0%BF%D0%BE%D0%BB%D0%B8%D1%82%D0%B8%D0%BA%D0%B0_%D0%BA%D0%B0%D0%B7.docx,https://mazhilis.parlam.kz/media/activity_post/documents/1132/2025-01-16/4._%D0%A0%D0%B5%D0%BA%D0%BE%D0%BC%D0%B5%D0%BD%D0%B4%D0%B0%D1%86%D0%B8%D0%B8_%D0%BF%D1%80%D0%BE%D0%BC%D0%BF%D0%BE%D0%BB%D0%B8%D1%82%D0%B8%D0%BA%D0%B0_%D0%BA%D0%B0%D0%B7.docx
https://mazhilis.parlam.kz/kk/activity/government-hour,3._%D0%A1%D0%9F%D0%98%D0%A1%D0%9E%D0%9A_c6y60hA.doc,https://mazhilis.parlam.kz/media/activity_post/documents/1132/2025-01-16/3._%D0%A1%D0%9F%D0%98%D0%A1%D0%9E%D0%9A_c6y60hA.doc
https://mazhilis.parlam.kz/kk/activity/government-hour,%D0%9F%D1%80%D0%B0%D0%B2_%D1%87%D0%B0%D1%81_23.04_%D0%BA%D0%B0%D0%B7.pdf,https://mazhilis.parlam.kz/media/activity_post/documents/1132/2025-01-16/%D0%9F%D1%80%D0%B0%D0%B2_%D1%87%D0%B0%D1%81_23.04_%D0%BA%D0%B0%D0%B7.pdf
https://mazhilis.parlam.kz/kk/activity/work-summary,%D0%98%D0%BD%D1%84%D0%BE%D0%B3%D1%80%D0%B0%D1%84%D0%B8%D0%BA%D0%B0_%D0%9C%D0%B0%D0%B6%D0%B8%D0%BB%D0%B8%D1%81_%D0%B8%D1%82%D0%BE%D0%B3%D0%B8_2024.12.26_%D0%9A%D0%90%D0%97_yiOvGZM.pdf,http://mazhilis.parlam.kz/media/activity_result/documents/2024-12-31/%D0%98%D0%BD%D1%84%D0%BE%D0%B3%D1%80%D0%B0%D1%84%D0%B8%D0%BA%D0%B0_%D0%9C%D0%B0%D0%B6%D0%B8%D0%BB%D0%B8%D1%81_%D0%B8%D1%82%D0%BE%D0%B3%D0%B8_2024.12.26_%D0%9A%D0%90%D0%97_yiOvGZM.pdf
https://mazhilis.parlam.kz/kk/activity/work-summary,%D0%98%D1%82%D0%BE%D0%B3%D0%B8_%D0%BD%D0%B0_%D0%BA%D0%B0%D0%B7__2024.pdf,http://mazhilis.parlam.kz/media/activity_result/documents/2024-08-02/%D0%98%D1%82%D0%BE%D0%B3%D0%B8_%D0%BD%D0%B0_%D0%BA%D0%B0%D0%B7__2024.pdf
https://mazhilis.parlam.kz/kk/activity/work-summary,%D0%98%D0%BD%D1%84%D0%BE%D0%B3%D1%80%D0%B0%D1%84%D0%B8%D0%BA%D0%B0_%D0%9C%D0%B0%D0%B6%D0%B8%D0%BB%D0%B8%D1%81_%D0%B8%D1%82%D0%BE%D0%B3%D0%B8_2024_06_27_%D0%BA%D0%B0%D0%B7_uiJqeoo.pdf,http://mazhilis.parlam.kz/media/activity_result/documents/2024-08-02/%D0%98%D0%BD%D1%84%D0%BE%D0%B3%D1%80%D0%B0%D1%84%D0%B8%D0%BA%D0%B0_%D0%9C%D0%B0%D0%B6%D0%B8%D0%BB%D0%B8%D1%81_%D0%B8%D1%82%D0%BE%D0%B3%D0%B8_2024_06_27_%D0%BA%D0%B0%D0%B7_uiJqeoo.pdf
https://mazhilis.parlam.kz/kk/activity/work-summary,document_18_2KnRci1.pdf,http://mazhilis.parlam.kz/media/activity_result/documents/2024-04-15/document_18_2KnRci1.pdf
https://mazhilis.parlam.kz/kk/activity/work-summary,document_17_PGvWeYF.pdf,http://mazhilis.parlam.kz/media/activity_result/documents/2024-04-15/document_17_PGvWeYF.pdf
https://mazhilis.parlam.kz/kk/activity/work-summary,document_16_oALXUIl.pdf,http://mazhilis.parlam.kz/media/activity_result/documents/2024-04-15/document_16_oALXUIl.pdf
https://mazhilis.parlam.kz/kk/activity/work-summary,document_15_YkOHWkc.pdf,http://mazhilis.parlam.kz/media/activity_result/documents/2024-04-15/document_15_YkOHWkc.pdf
https://mazhilis.parlam.kz/kk/activity/work-summary,document_14_2KTlFYz.pdf,http://mazhilis.parlam.kz/media/activity_result/documents/2024-04-15/document_14_2KTlFYz.pdf
https://mazhilis.parlam.kz/kk/activity/work-summary,document_13_qWIzxnX.pdf,http://mazhilis.parlam.kz/media/activity_result/documents/2024-04-15/document_13_qWIzxnX.pdf
https://mazhilis.parlam.kz/kk/activity/work-summary,document_12_bUhNwOg.pdf,http://mazhilis.parlam.kz/media/activity_result/documents/2024-04-15/document_12_bUhNwOg.pdf
https://mazhilis.parlam.kz/kk/activity/work-summary,document11_uaYix8h.pdf,http://mazhilis.parlam.kz/media/activity_result/documents/2024-04-15/document11_uaYix8h.pdf
https://mazhilis.parlam.kz/kk/activity/work-summary,document_10_IKTeQ0k.pdf,http://mazhilis.parlam.kz/media/activity_result/documents/2024-04-15/document_10_IKTeQ0k.pdf
https://mazhilis.parlam.kz/kk/all-bill/490,%D0%B7%D0%B0%D0%BA%D0%BE%D0%BD_%D0%BA%D0%B0%D0%B7.pdf,https://mazhilis.parlam.kz/media/draft_law/documents/490/2025-04-24/%D0%B7%D0%B0%D0%BA%D0%BE%D0%BD_%D0%BA%D0%B0%D0%B7.pdf
https://mazhilis.parlam.kz/kk/all-bill/491,%D0%B7%D0%B0%D0%BA%D0%BE%D0%BD_%D0%BA%D0%B0%D0%B7.pdf,https://mazhilis.parlam.kz/media/draft_law/documents/491/2025-04-24/%D0%B7%D0%B0%D0%BA%D0%BE%D0%BD_%D0%BA%D0%B0%D0%B7.pdf
https://mazhilis.parlam.kz/kk/all-bill/532,%D0%BF%D1%80%D0%BE%D0%B5%D0%BA%D1%82_%D0%97%D0%B0%D0%BA%D0%BE%D0%BD%D0%B0_55_9eIPDUW.docx,https://mazhilis.parlam.kz/media/draft_law/documents/532/2024-04-03/%D0%BF%D1%80%D0%BE%D0%B5%D0%BA%D1%82_%D0%97%D0%B0%D0%BA%D0%BE%D0%BD%D0%B0_55_9eIPDUW.docx
https://mazhilis.parlam.kz/kk/all-bill/532,%D0%A1%D1%80%D0%B0%D0%B2%D0%BD%D0%B8%D1%82%D0%B5%D0%BB%D1%8C%D0%BD%D0%B0%D1%8F_%D1%82%D0%B0%D0%B1%D0%BB%D0%B8%D1%86%D0%B0_55_W33mDmR.docx,https://mazhilis.parlam.kz/media/draft_law/documents/532/2024-04-03/%D0%A1%D1%80%D0%B0%D0%B2%D0%BD%D0%B8%D1%82%D0%B5%D0%BB%D1%8C%D0%BD%D0%B0%D1%8F_%D1%82%D0%B0%D0%B1%D0%BB%D0%B8%D1%86%D0%B0_55_W33mDmR.docx
https://mazhilis.parlam.kz/kk/all-bill/532,%D0%B7%D0%B0%D0%BA%D0%BE%D0%BD_%D0%BA%D0%B0%D0%B7.pdf,https://mazhilis.parlam.kz/media/draft_law/documents/532/2025-02-07/%D0%B7%D0%B0%D0%BA%D0%BE%D0%BD_%D0%BA%D0%B0%D0%B7.pdf
https://mazhilis.parlam.kz/kk/all-bill/532,183.pdf,https://mazhilis.parlam.kz/media/draft_law/documents/532/2025-04-16/183.pdf
https://mazhilis.parlam.kz/kk/all-bill/724,%D0%97%D0%B0%D2%A3_%D0%B6%D0%BE%D0%B1%D0%B0%D1%81%D1%8B.docx,https://mazhilis.parlam.kz/media/draft_law/documents/724/2024-10-09/%D0%97%D0%B0%D2%A3_%D0%B6%D0%BE%D0%B1%D0%B0%D1%81%D1%8B.docx
https://mazhilis.parlam.kz/kk/all-bill/724,%D0%A1%D0%B0%D0%BB%D1%8B%D1%81%D1%82%D1%8B%D1%80%D0%BC%D0%B0_%D0%BA%D0%B5%D1%81%D1%82%D0%B5.docx,https://mazhilis.parlam.kz/media/draft_law/documents/724/2024-10-09/%D0%A1%D0%B0%D0%BB%D1%8B%D1%81%D1%82%D1%8B%D1%80%D0%BC%D0%B0_%D0%BA%D0%B5%D1%81%D1%82%D0%B5.docx
https://mazhilis.parlam.kz/kk/all-bill/724,%D0%B7%D0%B0%D0%BA%D0%BE%D0%BD_%D0%BA%D0%B0%D0%B7.pdf,https://mazhilis.parlam.kz/media/draft_law/documents/724/2025-02-25/%D0%B7%D0%B0%D0%BA%D0%BE%D0%BD_%D0%BA%D0%B0%D0%B7.pdf
https://mazhilis.parlam.kz/kk/all-bill/737,%D0%97%D0%B0%D2%A3_%D0%B6%D0%BE%D0%B1%D0%B0%D1%81%D1%8B.docx,https://mazhilis.parlam.kz/media/draft_law/documents/737/2024-11-19/%D0%97%D0%B0%D2%A3_%D0%B6%D0%BE%D0%B1%D0%B0%D1%81%D1%8B.docx
https://mazhilis.parlam.kz/kk/all-bill/737,%D0%B7%D0%B0%D0%BA%D0%BE%D0%BD_%D0%BA%D0%B0%D0%B7.pdf,https://mazhilis.parlam.kz/media/draft_law/documents/737/2025-02-24/%D0%B7%D0%B0%D0%BA%D0%BE%D0%BD_%D0%BA%D0%B0%D0%B7.pdf
https://mazhilis.parlam.kz/kk/all-bill/737,184_%D0%BA.pdf,https://mazhilis.parlam.kz/media/draft_law/documents/737/2025-04-17/184_%D0%BA.pdf
https://mazhilis.parlam.kz/kk/all-bill/779,%D0%B7%D0%B0%D0%BA%D0%BE%D0%BD%D0%BE%D0%BF%D1%80%D0%BE%D0%B5%D0%BA%D1%82_%D0%BA%D0%B0%D0%B7.docx,https://mazhilis.parlam.kz/media/draft_law/documents/779/2025-04-21/%D0%B7%D0%B0%D0%BA%D0%BE%D0%BD%D0%BE%D0%BF%D1%80%D0%BE%D0%B5%D0%BA%D1%82_%D0%BA%D0%B0%D0%B7.docx
https://mazhilis.parlam.kz/kk/all-bill/sent-to-senat,%D0%97%D0%B0%D2%A3_%D0%B6%D0%BE%D0%B1%D0%B0%D1%81%D1%8B.docx,https://mazhilis.parlam.kz/media/draft_law/documents/724/2024-10-09/%D0%97%D0%B0%D2%A3_%D0%B6%D0%BE%D0%B1%D0%B0%D1%81%D1%8B.docx
https://mazhilis.parlam.kz/kk/all-bill/sent-to-senat,%D0%A1%D0%B0%D0%BB%D1%8B%D1%81%D1%82%D1%8B%D1%80%D0%BC%D0%B0_%D0%BA%D0%B5%D1%81%D1%82%D0%B5.docx,https://mazhilis.parlam.kz/media/draft_law/documents/724/2024-10-09/%D0%A1%D0%B0%D0%BB%D1%8B%D1%81%D1%82%D1%8B%D1%80%D0%BC%D0%B0_%D0%BA%D0%B5%D1%81%D1%82%D0%B5.docx
https://mazhilis.parlam.kz/kk/all-bill/sent-to-senat,%D0%B7%D0%B0%D0%BA%D0%BE%D0%BD_%D0%BA%D0%B0%D0%B7.pdf,https://mazhilis.parlam.kz/media/draft_law/documents/724/2025-02-25/%D0%B7%D0%B0%D0%BA%D0%BE%D0%BD_%D0%BA%D0%B0%D0%B7.pdf
https://mazhilis.parlam.kz/kk/all-bill/sent-to-senat,%D0%97%D0%B0%D2%A3_%D0%B6%D0%BE%D0%B1%D0%B0%D1%81%D1%8B.docx,https://mazhilis.parlam.kz/media/draft_law/documents/737/2024-11-19/%D0%97%D0%B0%D2%A3_%D0%B6%D0%BE%D0%B1%D0%B0%D1%81%D1%8B.docx
https://mazhilis.parlam.kz/kk/all-bill/sent-to-senat,%D0%B7%D0%B0%D0%BA%D0%BE%D0%BD_%D0%BA%D0%B0%D0%B7.pdf,https://mazhilis.parlam.kz/media/draft_law/documents/737/2025-02-24/%D0%B7%D0%B0%D0%BA%D0%BE%D0%BD_%D0%BA%D0%B0%D0%B7.pdf
https://mazhilis.parlam.kz/kk/all-bill/sent-to-senat,184_%D0%BA.pdf,https://mazhilis.parlam.kz/media/draft_law/documents/737/2025-04-17/184_%D0%BA.pdf
https://mazhilis.parlam.kz/kk/all-bill/sent-to-senat,%D0%B7%D0%B0%D0%BA%D0%BE%D0%BD_%D0%BA%D0%B0%D0%B7.pdf,https://mazhilis.parlam.kz/media/draft_law/documents/490/2025-04-24/%D0%B7%D0%B0%D0%BA%D0%BE%D0%BD_%D0%BA%D0%B0%D0%B7.pdf
https://mazhilis.parlam.kz/kk/all-bill/sent-to-senat,%D0%B7%D0%B0%D0%BA%D0%BE%D0%BD_%D0%BA%D0%B0%D0%B7.pdf,https://mazhilis.parlam.kz/media/draft_law/documents/491/2025-04-24/%D0%B7%D0%B0%D0%BA%D0%BE%D0%BD_%D0%BA%D0%B0%D0%B7.pdf
https://mazhilis.parlam.kz/kk/all-bill/sent-to-senat,%D0%BF%D1%80%D0%BE%D0%B5%D0%BA%D1%82_%D0%97%D0%B0%D0%BA%D0%BE%D0%BD%D0%B0_55_9eIPDUW.docx,https://mazhilis.parlam.kz/media/draft_law/documents/532/2024-04-03/%D0%BF%D1%80%D0%BE%D0%B5%D0%BA%D1%82_%D0%97%D0%B0%D0%BA%D0%BE%D0%BD%D0%B0_55_9eIPDUW.docx
https://mazhilis.parlam.kz/kk/all-bill/sent-to-senat,%D0%A1%D1%80%D0%B0%D0%B2%D0%BD%D0%B8%D1%82%D0%B5%D0%BB%D1%8C%D0%BD%D0%B0%D1%8F_%D1%82%D0%B0%D0%B1%D0%BB%D0%B8%D1%86%D0%B0_55_W33mDmR.docx,https://mazhilis.parlam.kz/media/draft_law/documents/532/2024-04-03/%D0%A1%D1%80%D0%B0%D0%B2%D0%BD%D0%B8%D1%82%D0%B5%D0%BB%D1%8C%D0%BD%D0%B0%D1%8F_%D1%82%D0%B0%D0%B1%D0%BB%D0%B8%D1%86%D0%B0_55_W33mDmR.docx
https://mazhilis.parlam.kz/kk/all-bill/sent-to-senat,%D0%B7%D0%B0%D0%BA%D0%BE%D0%BD_%D0%BA%D0%B0%D0%B7.pdf,https://mazhilis.parlam.kz/media/draft_law/documents/532/2025-02-07/%D0%B7%D0%B0%D0%BA%D0%BE%D0%BD_%D0%BA%D0%B0%D0%B7.pdf
https://mazhilis.parlam.kz/kk/all-bill/sent-to-senat,183.pdf,https://mazhilis.parlam.kz/media/draft_law/documents/532/2025-04-16/183.pdf
https://mazhilis.parlam.kz/kk/all-bill/sent-to-senat,%D0%97%D0%B0%D2%A3_%D0%B6%D0%BE%D0%B1%D0%B0%D1%81%D1%8B.docx,https://mazhilis.parlam.kz/media/draft_law/documents/731/2024-11-06/%D0%97%D0%B0%D2%A3_%D0%B6%D0%BE%D0%B1%D0%B0%D1%81%D1%8B.docx
https://mazhilis.parlam.kz/kk/all-bill/sent-to-senat,%D0%97%D0%B0%D0%BA%D0%BE%D0%BD_%D0%BA%D0%B0%D0%B7.pdf,https://mazhilis.parlam.kz/media/draft_law/documents/731/2025-02-24/%D0%97%D0%B0%D0%BA%D0%BE%D0%BD_%D0%BA%D0%B0%D0%B7.pdf
https://mazhilis.parlam.kz/kk/all-bill/sent-to-senat,182_%D0%BA.pdf,https://mazhilis.parlam.kz/media/draft_law/documents/731/2025-04-15/182_%D0%BA.pdf
https://mazhilis.parlam.kz/kk/all-bill/sent-to-senat,%D0%BF%D1%80%D0%BE%D0%B5%D0%BA%D1%82_%D0%97%D0%B0%D0%BA%D0%BE%D0%BD%D0%B0_50_Gw9KjY1.docx,https://mazhilis.parlam.kz/media/draft_law/documents/528/2024-04-03/%D0%BF%D1%80%D0%BE%D0%B5%D0%BA%D1%82_%D0%97%D0%B0%D0%BA%D0%BE%D0%BD%D0%B0_50_Gw9KjY1.docx
https://mazhilis.parlam.kz/kk/all-bill/sent-to-senat,%D0%A1%D1%80%D0%B0%D0%B2%D0%BD%D0%B8%D1%82%D0%B5%D0%BB%D1%8C%D0%BD%D0%B0%D1%8F_%D1%82%D0%B0%D0%B1%D0%BB%D0%B8%D1%86%D0%B0_50_N29KKaO.docx,https://mazhilis.parlam.kz/media/draft_law/documents/528/2024-04-03/%D0%A1%D1%80%D0%B0%D0%B2%D0%BD%D0%B8%D1%82%D0%B5%D0%BB%D1%8C%D0%BD%D0%B0%D1%8F_%D1%82%D0%B0%D0%B1%D0%BB%D0%B8%D1%86%D0%B0_50_N29KKaO.docx
https://mazhilis.parlam.kz/kk/all-bill/sent-to-senat,%D0%97%D0%B0%D2%A3_%D0%B6%D0%BE%D0%B1%D0%B0%D1%81%D1%8B.docx,https://mazhilis.parlam.kz/media/draft_law/documents/726/2024-10-28/%D0%97%D0%B0%D2%A3_%D0%B6%D0%BE%D0%B1%D0%B0%D1%81%D1%8B.docx
https://mazhilis.parlam.kz/kk/all-bill/sent-to-senat,177_%D0%BA.pdf,https://mazhilis.parlam.kz/media/draft_law/documents/726/2025-04-02/177_%D0%BA.pdf
https://mazhilis.parlam.kz/kk/all-bill/sent-to-senat,%D0%B7%D0%B0%D0%BA%D0%BE%D0%BD_%D0%BA%D0%B0%D0%B7.pdf,https://mazhilis.parlam.kz/media/draft_law/documents/726/2025-02-17/%D0%B7%D0%B0%D0%BA%D0%BE%D0%BD_%D0%BA%D0%B0%D0%B7.pdf
https://mazhilis.parlam.kz/kk/all-bill/sent-to-senat,%D0%97%D0%B0%D2%A3_%D0%B6%D0%BE%D0%B1%D0%B0%D1%81%D1%8B.docx,https://mazhilis.parlam.kz/media/draft_law/documents/613/2024-05-06/%D0%97%D0%B0%D2%A3_%D0%B6%D0%BE%D0%B1%D0%B0%D1%81%D1%8B.docx
https://mazhilis.parlam.kz/kk/all-bill/sent-to-senat,176_%D0%BA.pdf,https://mazhilis.parlam.kz/media/draft_law/documents/613/2025-03-31/176_%D0%BA.pdf
https://mazhilis.parlam.kz/kk/all-bill/sent-to-senat,%D0%97%D0%90%D0%9A%D0%9E%D0%9D_%D0%BA%D0%B0%D0%B7.pdf,https://mazhilis.parlam.kz/media/draft_law/documents/613/2025-02-06/%D0%97%D0%90%D0%9A%D0%9E%D0%9D_%D0%BA%D0%B0%D0%B7.pdf
https://mazhilis.parlam.kz/kk/all-bill/sent-to-senat,%D0%97%D0%B0%D2%A3_%D0%B6%D0%BE%D0%B1%D0%B0%D1%81%D1%8B.docx,https://mazhilis.parlam.kz/media/draft_law/documents/746/2025-01-06/%D0%97%D0%B0%D2%A3_%D0%B6%D0%BE%D0%B1%D0%B0%D1%81%D1%8B.docx
https://mazhilis.parlam.kz/kk/all-bill/sent-to-senat,%D0%B7%D0%B0%D0%BA%D0%BE%D0%BD_%D0%BA%D0%B0%D0%B7.pdf,https://mazhilis.parlam.kz/media/draft_law/documents/746/2025-03-27/%D0%B7%D0%B0%D0%BA%D0%BE%D0%BD_%D0%BA%D0%B0%D0%B7.pdf
https://mazhilis.parlam.kz/kk/all-bill/sent-to-senat,%D0%97%D0%B0%D2%A3_%D0%B6%D0%BE%D0%B1%D0%B0%D1%81%D1%8B.docx,https://mazhilis.parlam.kz/media/draft_law/documents/665/2024-08-22/%D0%97%D0%B0%D2%A3_%D0%B6%D0%BE%D0%B1%D0%B0%D1%81%D1%8B.docx
https://mazhilis.parlam.kz/kk/all-bill/sent-to-senat,%D0%97%D0%90%D0%9A%D0%9E%D0%9D_%D0%BA%D0%B0%D0%B7.pdf,https://mazhilis.parlam.kz/media/draft_law/documents/665/2025-03-27/%D0%97%D0%90%D0%9A%D0%9E%D0%9D_%D0%BA%D0%B0%D0%B7.pdf
https://mazhilis.parlam.kz/kk/all-bill/sent-to-senat,%D0%97%D0%B0%D2%A3_%D0%B6%D0%BE%D0%B1%D0%B0%D1%81%D1%8B.docx,https://mazhilis.parlam.kz/media/draft_law/documents/750/2025-01-10/%D0%97%D0%B0%D2%A3_%D0%B6%D0%BE%D0%B1%D0%B0%D1%81%D1%8B.docx
https://mazhilis.parlam.kz/kk/all-bill/sent-to-senat,%D0%97%D0%90%D0%9A%D0%9E%D0%9D_%D0%BA%D0%B0%D0%B7.pdf,https://mazhilis.parlam.kz/media/draft_law/documents/750/2025-03-27/%D0%97%D0%90%D0%9A%D0%9E%D0%9D_%D0%BA%D0%B0%D0%B7.pdf
https://mazhilis.parlam.kz/kk/composition-n-structure/mazhilis-office,7.doc,https://mazhilis.parlam.kz/media/office/documents/2025-03-03/7.doc
https://mazhilis.parlam.kz/kk/public-chamber,chamber_rules_kk_2023_4KfuDx6.docx,https://mazhilis.parlam.kz/media/public_chamber/documents/main/chamber_rules_kk_2023_4KfuDx6.docx
https://mazhilis.parlam.kz/kk/public-chamber,%D0%A1%D0%BE%D1%81%D1%82%D0%B0%D0%B2_%D0%9E%D0%9F_%D0%9A%D0%90%D0%97_40_%D1%81%D0%B5%D0%BD%D1%82%D1%8F%D0%B1%D1%80%D1%8C_2024_%D0%98%D0%A1%D0%9F%D0%A0.docx,https://mazhilis.parlam.kz/media/public_chamber/documents/40/2024-12-23/%D0%A1%D0%BE%D1%81%D1%82%D0%B0%D0%B2_%D0%9E%D0%9F_%D0%9A%D0%90%D0%97_40_%D1%81%D0%B5%D0%BD%D1%82%D1%8F%D0%B1%D1%80%D1%8C_2024_%D0%98%D0%A1%D0%9F%D0%A0.docx
https://mazhilis.parlam.kz/kk/public-chamber,%D0%A0%D0%B5%D0%BA%D0%BE%D0%BC_%D0%9E%D0%9F_%D0%9D%D0%9A_%D0%9A%D0%90%D0%97.pdf,https://mazhilis.parlam.kz/media/public_chamber/documents/None/2024-12-24/%D0%A0%D0%B5%D0%BA%D0%BE%D0%BC_%D0%9E%D0%9F_%D0%9D%D0%9A_%D0%9A%D0%90%D0%97.pdf
https://mazhilis.parlam.kz/kk/public-chamber,%D0%A0%D0%B5%D0%BA%D0%BE%D0%BC_%D0%9E%D0%A1%D0%9C%D0%A1-%D0%BA%D0%B0%D0%B7.pdf,https://mazhilis.parlam.kz/media/public_chamber/documents/None/2024-12-24/%D0%A0%D0%B5%D0%BA%D0%BE%D0%BC_%D0%9E%D0%A1%D0%9C%D0%A1-%D0%BA%D0%B0%D0%B7.pdf
https://mazhilis.parlam.kz/kk/public-chamber,%D1%80%D0%B5%D0%BA%D0%BE%D0%BC_%D0%A1%D1%82%D1%80%D0%BE%D0%B9%D0%BA%D0%BE%D0%B4_%D0%9A%D0%90%D0%97.pdf,https://mazhilis.parlam.kz/media/public_chamber/documents/None/2025-02-19/%D1%80%D0%B5%D0%BA%D0%BE%D0%BC_%D0%A1%D1%82%D1%80%D0%BE%D0%B9%D0%BA%D0%BE%D0%B4_%D0%9A%D0%90%D0%97.pdf
https://mazhilis.parlam.kz/kk/public-chamber,%D0%A0%D0%B5%D0%BA%D0%BE%D0%BC%D0%B5%D0%BD%D0%B4%D0%B0%D1%86%D0%B8%D0%B8_%D0%9E%D0%9F_%D0%9D%D0%9A2_%D0%9A%D0%90%D0%97.pdf,https://mazhilis.parlam.kz/media/public_chamber/documents/None/2025-04-15/%D0%A0%D0%B5%D0%BA%D0%BE%D0%BC%D0%B5%D0%BD%D0%B4%D0%B0%D1%86%D0%B8%D0%B8_%D0%9E%D0%9F_%D0%9D%D0%9A2_%D0%9A%D0%90%D0%97.pdf
